text,label,ID,pred,probs,Match
New Movie,1,65,2,[0.19022584 0.33385676 0.1391722  0.33385676],False
Swisher Sweets Commercial,4,1483,4,[7.964866e-05 7.482300e-05 2.165075e-04 9.996147e-01],True
Hay bales and cat tails.,4,1327,4,[0.192166   0.09662713 0.21775262 0.4907131 ],True
first track on that shit Asty Subscribe!,4,1200,4,[0.00736223 0.01071198 0.01766108 0.964262  ],True
Testing out the screwball at 500,2,629,1,[0.31733492 0.28004706 0.16985714 0.23216717],False
Swisher sweet tko in 2nd round,4,1213,4,[2.9307957e-05 5.8285834e-05 6.2044943e-05 9.9984848e-01],True
"now i gotta ground him, how the roles have changed ",2,538,4,[0.24928026 0.2416107  0.13343011 0.37421396],False
My honest review on dossier products and dossier powdery tobacco cologne.,3,1088,3,[7.5758812e-03 4.2318523e-05 9.9224466e-01 1.2245272e-04],True
Swisher Sleep - Hustla Ft. Xraided (official video),4,1405,4,[1.7943424e-04 2.3039812e-04 2.7791318e-04 9.9929845e-01],True
New Bud Smokers Anthem....This is a Cyber Blunt...Pass It!!!!!,4,1175,4,[0.0031291  0.00622297 0.00750633 0.9831352 ],True
"Shot by @mykey.t      

@Uno5avage

@dirtystickkay",4,1477,2,[2.8674628e-04 9.6859097e-01 1.8698205e-03 2.9248914e-02],False
"Master Blender, Russ Ouellette takes the time to discuss Latakia tobacco.",3,1027,3,[1.0327107e-02 3.2868917e-05 9.8957169e-01 6.1407220e-05],True
Wrote this lil diddy the other day while bored hope yall like it :),1,43,4,[0.10855006 0.05810266 0.07941692 0.75348675],False
"Today I smoke a cigar that has always been on my mind, the Swisher Strawberry.",4,1480,4,[1.8049671e-03 9.0759445e-04 1.9213775e-03 9.9529821e-01],True
"“I was frustrated!” Sandeep Singh wanted to quit smoking, but things took a strange turn…",1,23,3,[9.4687246e-02 6.4435476e-03 8.9836758e-01 4.3848899e-04],False
From BL 5x01: Smoke Signals. One of Alan's best closings. :),1,115,3,[2.9218685e-02 2.3984157e-03 9.6758991e-01 7.7865156e-04],False
"People are using alcohol vape machines to get drunk quickly, and it's especially harmful to kids and teens.",2,413,2,[0.14963965 0.8089443  0.024428   0.0157719 ],True
"Saw there was no ""Lick the Witch"" video. Made my own. Hope you enjoy.",3,976,1,[0.42427438 0.10727336 0.31040576 0.15608184],False
Tobacco Valley Flywheelers Show September 2023 and Friends of the Valley Railroad Trip,3,914,3,[3.1716281e-03 1.6809012e-04 9.9649590e-01 1.5790605e-04],True
"STUDY: Teenage E-Cig, tobacco use falls; RSV treatment shortage ahead of winter surge",3,899,3,[9.7652063e-02 2.6544580e-01 6.3677138e-01 1.2956285e-04],True
Today Taylor talks about the safety of Nicotine vaping as well as the misconceptions of Vaping vs Smoking!,2,591,2,[0.09736844 0.86783546 0.02789653 0.00662601],True
From the Onion Prison Channel: Prison analysts warn rising inflation could devalue everything from rim jobs to shivs.,3,933,1,[0.9888172  0.00404107 0.00535355 0.00153382],False
"Stream/download ""Happiness (Instrumental)"" here: https://RiseRecords.lnk.to/Happiness-...",4,1165,1,[0.5708705  0.00409457 0.4176578  0.0063418 ],False
"all credits go to penelope scott
support her !! https://penelopescott.bandcamp.com/music",3,792,1,[9.7369450e-01 1.2791333e-04 2.5948079e-02 2.2449487e-04],False
"Cécile Zarokian, parfumeur, created Royal Tobacco for Amouage

© Amouage",3,1004,3,[8.5772742e-03 7.8214616e-06 9.9139810e-01 1.5554835e-05],True
"Follow me on twitter for all video/film updates: twitter.com/tkanfilm

Song rights belong to WMG.",1,175,3,[0.21047208 0.03032138 0.5048963  0.2538778 ],False
"Flavors act as a hook for youth to start using tobacco products, and the nicotine dependence keeps them coming back for more.",3,963,3,[2.4483441e-01 4.7264158e-04 7.5414306e-01 5.3557311e-04],True
Some useful information about vaping and COVID-19 : https://drive.google.com/file/d/12Vz6...,2,570,2,[1.5842084e-04 9.9974447e-01 9.6087097e-05 1.0674312e-06],True
A lot of people use vaping as a way to quit smoking. But does it help? Our Verify team looks into this claim.,2,718,2,[6.2621187e-04 9.9917859e-01 1.9098383e-04 3.2860585e-06],True
"Swisher  66"" update Part 4. Wheel Bearing issues, Belts and Blades arrive, and First test drive.",4,1265,4,[5.0434562e-07 1.0676997e-06 2.2603203e-06 9.9999595e-01],True
Don't miss the Tobacco Industry's latest scam by doing your homework. Visit dontblowitfresno.com for more information.,2,672,3,[6.6872044e-03 7.0482615e-04 9.9246913e-01 1.3878850e-04],False
"A new study out of Roswell Park Comprehensive Cancer Center here in Buffalo... looked specifically at vaping CBD, a compound found in marijuana.",2,724,2,[8.4666040e-05 9.9820566e-01 1.7005631e-03 8.9237355e-06],True
Check out the features of the all new Swisher Versa.  Available now!  https://www.swisherinc.com/categories...,4,1464,4,[2.0324926e-04 4.8756966e-04 3.5671354e-04 9.9892312e-01],True
"With concerns over vaping safety, Kimberly Cargile of 'A Therapeutic Alternative' in Sacramento shares her advice on how to stay safe.",2,664,2,[0.01317048 0.9828707  0.00228869 0.00138816],True
"Another week has brought another death tied to vaping. At least six people have died from what health officials have called vaping-related, severe lung illnesses.",2,432,2,[1.5009627e-03 9.9835277e-01 1.3961128e-04 5.0853405e-06],True
"Have you ever wondered if you were saving on rollies , or how much are we saving with rolling cigarettes as opposed to the ready made ones ?",3,965,1,[8.6668396e-01 1.7634277e-04 1.3291030e-01 2.2642859e-04],False
http://www.woodsplitterdirect.com Swisher 34 Ton Commercial Log Splitter LSEK14534 Made in the USA!,4,1304,4,[4.3000031e-04 9.6902059e-04 3.1459494e-04 9.9827683e-01],True
"Lion D'or, Montreal 2003-09-24. 
This video used to be up on Rufus' web site.",1,15,4,[0.31906244 0.12494665 0.19352116 0.36154512],False
"If you actually vape your a pu$$y , thanks for all the support i love you guys

COP SOME MERCH : HTTPS://CHOSENALEX.COM",2,669,2,[3.8182733e-03 9.9455786e-01 7.0630951e-04 8.5197185e-04],True
"Welcome to ZuZo Vlogz. We post the best content and fun vlogs. Subscribe for more 

Follow our TikTok for more @zozu_vlogz",2,420,2,[2.9022019e-06 9.9995911e-01 1.8924733e-05 1.8924733e-05],True
"Music video by Stephen Marley performing No Cigarette Smoking (In My Room). (C) 2011 Universal Republic Records, a division of UMG Recordings, Inc.",3,858,1,[0.6523557  0.11696093 0.17017715 0.05881165],False
"I DO NOT OWN COPYRIGHTS TO THE MUSIC USED

Email- Tmcc890@gmail.com 
Facebook- Tay Marie
Instagram- @__mtxylor
Snapchat- Taylorxdagger",4,1490,2,[0.20489201 0.3595967  0.11674396 0.31734297],False
"Experiment!
slivkivideos@gmail.com
Facebook -   / slivkishoweng  
Instagram -   / slivki_kuki  

music: epidemicsound.com",1,354,3,[0.20236629 0.10831887 0.42840943 0.25984347],False
"This is the greatest vegan donut of All Time
Merch https://moistglobal.com/
Comics https://badegg.co/
Get Gamer Supps https://gamersupps.gg/?ref=moist",1,237,2,[0.13087682 0.5176279  0.3139572  0.03749684],False
"My links:

Email me: mikerondeau00@gmail.com

Tik Tok:
https://vm.tiktok.com/ZMdKWRqEb/

#ytpc #pipesmoking #pipesmoking",3,1149,1,[0.50827575 0.34933248 0.10008542 0.0345886 ],False
"Subscribe to my main channel here:    / highlightheaven  
Follow me on Twitter:   / highlghtheaven  
Join my Discord server:   / discord  ",2,583,1,[0.44270173 0.34477645 0.11193252 0.09878011],False
Reddit shares quickly popped on the company's first day of trading on the New York Stock Exchange. What will a successful Reddit IPO mean for the larger market? Kara Swisher and Scott Galloway share t,4,1196,4,[7.4110435e-06 2.1444564e-05 1.0129695e-05 9.9996066e-01],True
"Swisher Sleep - Blow (feat. JL)
Subscribe - https://www.youtube.com/c/swisherslee...
 
Facebook - swishersleep206
Instagram - swishersleep206
Twitter - swishersleep206",4,1361,4,[1.5534846e-06 2.2603065e-06 6.1441501e-06 9.9998987e-01],True
It is often said that vaping is 95% safer than smoking. Is this figure just plucked out of the air as some critics claim or is it based on solid scientific evidence? This video outlines the source of ,2,765,2,[0.21841732 0.7623513  0.01396295 0.00497864],True
How to Get Rid of Cigarette Smoke Smell: Natural Solutions • Smoke Smell Solutions • Discover effective natural ways to absorb and eliminate cigarette smoke smell from your home. From baking soda to a,1,99,1,[0.6685723  0.03126954 0.26181665 0.03543304],True
"100,000 Likes and I'll break into my own house

Twitter :   / lunaa  
Snapchat: imaustinluna
Instagram :   / onlyluna  
Twitch :   / luna  ",2,411,2,[2.3044429e-04 9.9949872e-01 2.3044429e-04 4.0045212e-05],True
"Media trailblazer and executive editor of Recode Kara Swisher speaks with Moira Forbes in November, 2018 on the power of brutal honesty and her ongoing scrutiny of Silicon Valley.


https://www.forbes",4,1316,4,[4.7378907e-07 1.6536865e-06 1.2098628e-06 9.9999642e-01],True
"December 29, 2022 — 58th Midlands Championships Individual Open Wrestling Tournament at NOW Arena in Hoffman Estates, Illinois

Cade Balestrini {G} Bloomsburg University defeated Jude Swisher {R} of P",4,1220,4,[4.0413989e-04 2.4512326e-04 5.8802008e-04 9.9875128e-01],True
"100,000 Likes and I'll break into my own house

Twitter :   / lunaa  
Snapchat: imaustinluna
Instagram :   / onlyluna  
Twitch :   / luna  ",2,425,2,[6.2595011e-04 9.9876094e-01 4.3020881e-04 1.7933772e-04],True
"E-cigarette dangers are front and center in Enfield after a 5th grader was caught vaping at school.
  
 For more Local News from WFSB:  https://www.wfsb.com/
 For more YouTube Content:    / @wfsb  ",2,654,2,[1.3978445e-04 9.9959105e-01 2.6115170e-04 7.8860985e-06],True
"ZULQARNAIN :    / con.  .
KANWAL : https://instagram.com/kanwal.135?utm_...


   #cigarette #zulqarnainsikandar #kanwalzulqarnain",1,208,1,[9.5146596e-01 1.1140520e-03 4.7370698e-02 4.8948034e-05],True
"Stream/Download: http://RAYE.lnk.to/CigaretteID

Music video by RAYE, Mabel, Stefflon Don performing Cigarette. (C) 2018 Universal Music Operations Limited

#Raye #Cigarette #Vevo",3,1040,1,[9.8182517e-01 8.3276675e-05 1.7982755e-02 8.3276675e-05],False
"Swisher Sleep - Devastation (Nipsey Hussle Tribute) 
Subscribe - https://www.youtube.com/c/swisherslee...
 
Facebook - swishersleep206
Instagram - swishersleep206
Twitter - swishersleep206",4,1502,4,[4.2227712e-06 5.4221455e-06 8.9396071e-06 9.9998105e-01],True
"For thousands of years, natural tobacco has been an integral part of First Nations culture in many parts of BC and Canada. Used in ritual, ceremony and prayer, tobacco is considered a sacred plant wit",3,993,3,[2.4498685e-01 3.5699073e-04 7.5461262e-01 2.1776574e-05],True
"Doing some repairs to a Swisher 60 inch deck pull behind mower. I replace a broken muffler, throttle cable, belts and blades. Show you how to replace them, nothing complicated at all, and talk about m",4,1391,4,[5.0434653e-07 4.4508423e-07 1.2098644e-06 9.9999774e-01],True
Unlocking the Tight Draw: Enhancing Your Vaping Experience • Tight Draw Tips • Learn how to achieve a tight draw in vaping for a more intense flavor experience similar to smoking a traditional cigaret,2,617,1,[0.48569876 0.42862764 0.06997154 0.01377821],False
"1 Corinthians 10:13

No temptation has overtaken you that is not common to man. God is faithful, and he will not let you be tempted beyond your ability, but with the temptation he will also provide th",2,707,1,[0.794044   0.10746217 0.0612301  0.03713793],False
"What do a potato , a tomato  and a tobacco leaf  have in common?

Curious? Watch this informative video, and you’ll find out.

For more on the difference between tobacco, smoke and nicotine, head here",3,932,3,[2.2977192e-02 5.2976179e-06 9.7701502e-01 2.2083759e-06],True
"Over the last several years cities across the continent and the world have instituted smoking bans in public places. The bans are inconvenient for smokers, but they're thought to be healthy for commun",1,231,3,[2.9310485e-02 5.3154381e-05 9.7062993e-01 5.9637564e-06],False
"FAUNI:   / heavy  
HENTAIKANE:   / smbkane  
TOMMY SWISHER:   / hitommyswisher  

Prod. By @RXLVND
Twitter/Soundcloud: @RXLVND",4,1268,4,[0.00191344 0.00459009 0.00203684 0.991184  ],True
"Why is smoking so addictive? What are the best, most effective ways to quit smoking? Why is it so hard to stay quit? Ernestine Jennings, PhD, from The Miriam Hospital Center for Behavioral Medicine di",3,1034,1,[0.46470365 0.15565622 0.26478013 0.11388053],False
"I quit vaping for 7 days! Here’s how it went!
I do want to say I know this process is not the easiest for everyone, but this is my experience.

  also- R.I.P to quality~ it will get better, i promise!",2,415,2,[1.6701004e-05 9.9995828e-01 2.4299818e-05 5.3685289e-07],True
"Best of Robert Cray: https://goo.gl/uSyQLJ
Subscribe here: https://goo.gl/Vrywd8

#RobertCray #SmokingGun #Vevo #Blues #OfficialMusicVideo

Music video by Robert Cray performing Smoking Gun. (C) 1986 ",1,76,3,[9.7081959e-03 2.8740603e-06 9.9026287e-01 2.4064211e-05],False
"Artist •  10TA Lil A, TSE E2 

Song • “Jo Swisher”
 SUBSCRIBE •    / @jamdagoated1   

Want a Video Shot By JamsWorld Productions?!
 CONTACT US @JamsWorldEnt324@gmail.com Or VIA Instagram @JamsworldPr",4,1466,4,[1.5534891e-06 2.2603133e-06 2.5612703e-06 9.9999285e-01],True
"Smoking is one of the biggest factors that can put you at risk of getting heart and circulatory diseases. But it’s never too late to give up smoking. Even if you have been smoking for decades, you can",1,261,1,[0.8036343  0.12324131 0.06196962 0.00950335],True
"hey dudes! im finally back

hope you all enjoy this video, let me know if u like or dislike anything about this one, I know it’s a little more chaotic than normal:)

love u guys pls sub


fancy owning",2,756,2,[7.093479e-04 9.988362e-01 3.796866e-04 7.023496e-05],True
"Time to visit tradition. We check out a cigar that has been around since 1958 and a coffee that is iconic for Columbian grown.

Trucker Hats are available in the store - head over to https://highdeser",4,1330,4,[8.939625e-06 8.315146e-07 6.962187e-06 9.999831e-01],True
"Arnold Schwarzenegger is an actor, producer, businessman, former governor, and professional bodybuilder best known for his iconic roles in action movies e.g. Terminator series, Conull, Predator etc. H",1,309,1,[0.41253695 0.04775462 0.3875426  0.15176387],True
"What do you do after admitting to yourself that you have a vaping addiction? Listen in as we explore how you got hooked in the first place and the next steps to take.

Tami is an expert at teaching ho",2,585,2,[0.00776371 0.9855605  0.00463592 0.00148173],True
"This is a tutorial video on the proper way to roll a blunt with a Swisher sweet... If you like this video hit the thumbs up and subscribe for more how to  and smoke tips videos

NEW MERCH:
https://tee",4,1198,4,[1.1478349e-05 8.3977384e-06 2.7535129e-05 9.9995196e-01],True
Swisher Rugged Cut 44 Trail Mower repairs and upgrades. Fixing design flaws. Moving the wheels forward and redesigning the front suspension. Strengthening the lift handle. New 17.5 HP engine with more,4,1301,4,[5.7149902e-07 9.4224259e-07 1.5534955e-06 9.9999690e-01],True
"The Official Music Video For ""Swisher Sweet"" by C Note & Jugg Sosa
""Swisher Sweet"" official music video shot and edited by kanemadeit. 

Instagram
C Note:   / official.cnote  
Jugg Sosa:   / _juggsosa",4,1239,4,[4.3014486e-04 4.0408369e-04 4.8741800e-04 9.9861240e-01],True
"Nic Sick is a documentary featuring teens from across Idaho who talk with heartbreaking authenticity about their struggles to overcome vape addiction.  Nic Sick is part of KNOW VAPE, a statewide aware",2,435,2,[2.9592289e-04 9.9958843e-01 1.0886395e-04 5.7695775e-06],True
"Use Promo : KOAM when you call Swisher at 1 800 222 8183 to receive 30% off your order!

To get the discount you'll need to call in. 

The item can't be a factory direct or already on sale.

pull behi",4,1505,4,[3.0590118e-07 1.3709540e-06 1.9947265e-06 9.9999630e-01],True
"Check out this and many other great cigar deals in the link below!

http://www.gopjn.com/t/TUJGRUxJS0JGTE...

Dont forget to follow me on Instagram Tech_717

All content in this video, with the except",4,1216,1,[0.5042477  0.01522696 0.39270854 0.08762511],False
"Jack knows that vaping isn't good for him, or his family, but he struggles to quit. Will he face this struggle alone?

IG:   / ok.inc  
Twitter:   / ok_inc_  
Website: http://www.operationkeepsake.com",2,643,2,[6.2766029e-03 9.9160904e-01 1.3156475e-03 5.8381504e-04],True
This was due to blades locking up and had to be cleaned. The casing broke due to the blades locking up and finally hitting a rock. These mowers are designed to have swinging blades and they weren't sw,4,1518,4,[0.00217037 0.00315787 0.00231034 0.99217176],True
"http://KEXP.ORG presents Cigarettes After Sex performing ""K."" live in the KEXP studio. Recorded September 8, 2017.

Host: Morgan
Audio Engineer: Kevin Suggs
Cameras: Jim Beckmann, Scott Holpainen & Ju",1,366,1,[5.3120673e-01 6.4268954e-07 4.6878827e-01 3.9369506e-06],True
"Australia, which already has some of the strictest smoking regulations in the world, has just banned vaping for recreational use. The government says cigarette smoking rates are rising among people wh",2,494,2,[1.7941510e-04 9.9919194e-01 6.2622025e-04 2.5592190e-06],True
"http://KEXP.ORG presents Cigarettes After Sex performing ""Apocalypse"" live in the KEXP studio. Recorded September 8, 2017.

Host: Morgan
Audio Engineer: Kevin Suggs
Cameras: Jim Beckmann, Scott Holpai",3,886,1,[0.7294425  0.01943898 0.23681529 0.01255075],False
"http://KEXP.ORG presents Tobacco performing ""Warlock Mary"" live in the KEXP studio. Recorded October 7, 2016.

Host: Troy Nelson
Audio Engineer: Kevin Suggs
Cameras: Jim Beckmann, Alaia D'Alessandro &",3,862,3,[1.1277904e-01 3.5540957e-05 8.8707596e-01 4.7084126e-05],True
"Recent deaths from vaping are freaking people out, but as a doctor here's how I think about e-cigarettes, CBD, smoking, and risk. Against Medical Advice (AMA) #38

Your support keeps us independent an",2,582,2,[9.1048033e-04 9.9846292e-01 6.2576332e-04 9.4079718e-07],True
"Music video by ToppDogg performing Cigarette. (C) 2015 STARDOM Entertainment.

More Toppdogg official link 

ToppDogg Twitter ▶  / toppdogghouse  
ToppDogg Facebook ▶  / toppdogghouse  
Official Fanca",1,297,1,[8.1670684e-01 8.4390119e-04 1.8223193e-01 2.1337163e-04],True
"Quitting tobacco and related products is hard, but with the right support and tools you can do it! You are losing a lot more than you think by using tobacco - your health, the health of your family an",3,813,1,[0.6367582  0.05922774 0.28255975 0.0211183 ],False
"Thanks for watching!

Merchandise available at: https://lofestore.com

Follow my socials:
Instagram:   / heyitslofe  
Tiktok:   / itslofe  
Twitter:   / itslofe  
Patreon:   / lofeofficial  
Snapchat:",2,490,2,[0.06916133 0.6985047  0.07362185 0.15585746],True
"#cigarettesaftersex #apocalypse
#shoegazing

[Original]
   • Apocalypse - Cigarettes After Sex  

[Instrument]
Fender Mexico Classic Series 60s Telecaster
TS mini
Logic Pro

[Video]
Sony a6400
Tamron ",1,270,3,[4.74226996e-02 2.62287576e-05 9.52510417e-01 1.09337725e-05],False
"SUBSCRIBE TO NEWSLETTER: https://disorder.beehiiv.com/
INSTAGRAM: https://www.instagram.com/cyanpsychic/
Snapchat: DisorderVapes

My journey of quitting nicotine in Phuket, Thailand

For all business ",2,661,2,[4.0061201e-05 9.9989784e-01 5.8288708e-05 3.7262726e-06],True
"Parker noticed that his anxiety symptoms were seemingly getting worse from vaping nicotine. When he finally asked for help quitting vaping, things started to get better. If you're ready to quit but no",2,727,2,[0.10125177 0.87468183 0.01391873 0.00986985],True
"http://KEXP.ORG presents Cigarettes After Sex performing live in the KEXP studio. Recorded September 8, 2017.

Songs:
K.
Sunsetz
Sweet
Apocalypse

Host: Morgan
Audio Engineer: Kevin Suggs
Cameras: Jim",1,59,1,[0.5545244  0.00241237 0.43186408 0.00954112],True
"WHAT IS THE DIFFERENCE BETWEEN BLUNTS AND JOINTS

King Palm Affiliate Link (thank you) - https://kingpalm.sjv.io/B0dA5y
King Palm Tobacco - https://tobacco.kingpalm.com/
The Best Place to buy all RAW ",3,846,3,[0.273551   0.0370211  0.39801434 0.2911935 ],True
"Since the majority of vaping products are not approved by the FDA, how do know we know if they are safe? RWJBarnabas Health Institute for Prevention and Recovery’s Assistant Director of the Nicotine a",3,843,2,[4.0681502e-03 9.9544346e-01 4.8587125e-04 2.3951445e-06],False
"Romans‬ ‭10:9‬ ‭: “that if you confess with your mouth Jesus as Lord, and believe in your heart that God raised Him from the dead, you will be saved;”

Bible verse prints - https://www.etsy.com/shop/B",2,453,1,[0.73869884 0.06454679 0.1548397  0.04167454],False
"#howtoroll #handrolling #cigarette
Hopefully someone found this useful as I know I have had to teach a few friends/colleagues out there over the years. If you like this let me know, there's more out t",3,1121,1,[0.7743345  0.0766695  0.12640664 0.02196618],False
"Since the majority of vaping products are not approved by the FDA, how do know we know if they are safe? RWJBarnabas Health Institute for Prevention and Recovery’s Assistant Director of the Nicotine a",1,44,2,[3.5921396e-03 9.9600071e-01 4.0302688e-04 2.7155738e-06],False
"Jynxzi and Sketch FULL STREAM!
IM LIVE EVERY DAY - https://www.twitch.tv/jynxzi

ALL BUSINESS INQUIRES: oJynxzi@gmail.com

Follow My Socials:
Main Channel: https://www.youtube.com/@Jynxzi
Twitter : ht",3,950,2,[0.00506442 0.9651069  0.0121489  0.01767655],False
"I ordered fake cigarettes and smoked in front of my friends 

Leave A Like & Subscribe If You Enjoyed The Video!

Make Sure You keep Up With All Of My Social Medias:
Instagram: https://www.instagram.c",3,1043,2,[0.42779118 0.45538133 0.10160931 0.00713409],False
"I bought the bike of my dreams! This is my 2024 Harley-Davidson  Low rider ST 
With that Tobacco Fade paint job.

Make sure to stop by Bergen Harley Davidson if your looking for a bike!
https://bergen",1,394,2,[0.0413518  0.9411625  0.00922683 0.00814265],False
"Tobacco use is a major cause of cardiovascular disease, including coronary heart disease, stroke and peripheral vascular disease.

Despite the devastating harms of tobacco to heart health, and the ava",3,988,3,[1.8238282e-01 2.1354831e-04 8.1738305e-01 1.4993445e-05],True
"VOD from the stream on the 19th of July 2023 - watch fanfan live at   / fanfan   :)

follow fanfan on:
➤ youtube -    / issfanfan  
➤ twitch -   / fanfan  
➤ twitter -   / fanfan  
➤ instagram -   / i",2,714,2,[0.0122026  0.85546815 0.1311903  0.00113502],True
"Official Video by The Cloves and The Tobacco

From an Indonesian Celtic Punk Compilation 'Wind From The Foreign Land' Album

Kameraman : Yasu Spade, Kochan, Arief Rahman
Editor : Yasu Spade
Crew : Ali",3,1094,1,[0.53036696 0.01034051 0.43968964 0.01931861],False
"#spoutoffocus
#outoffocus 

WARNING:
This video is only for entertainment purpose. If you rely on the information portrayed in this video, you assume the responsibility for the results. Have fun, but ",1,196,3,[0.00963045 0.00401457 0.98233277 0.00401457],False
"This toddler has a shocking habit! New footage shows the Indonesian child puffing away on cigarettes in front of his smiling mother. He's been chain-smoking for two months, going through multiple pack",1,168,1,[7.9809314e-01 9.8492521e-05 2.0178956e-01 1.8219285e-05],True
"Of the 18 vaping devices Principal Erin Duez has confiscated this school year at Anacortes High School, 16 of them are for pot.

""We're seeing a rise in students vaping THC where we used to just see n",2,416,2,[8.4797532e-05 9.9975592e-01 1.5842264e-04 8.8494164e-07],True
"how to hand roll a perfectly well rounded cigarette for beginners 
in this video we show tips and tricks of how to reach and roll a perfect cigarette Easy, fast and simple, a step by step guide

Links",3,1134,1,[0.70095646 0.01366648 0.2744985  0.01064346],False
"A Wisconsin teen has an urgent message for his peers about vaping. Logan Krahn, 16, has been through a frightening medical ordeal. The American Family Children's Hospital in Madison says he is the fir",2,575,2,[0.02287586 0.97270626 0.0024111  0.00170972],True
"In this video, we will go over how to roll a blunt with Swisher Sweet. 

1. Moisten and unwrap the Swisher Sweet Cigar
2. Break up your herb with your hands for the best smoke.
3. Fill our wrap with h",4,1237,4,[4.5813911e-04 1.6853996e-04 2.0329800e-04 9.9916267e-01],True
On my channel you can find greatest high quality fortnite videos with all new skins dances & emotes! If you playing this game you have to subscribe and turn on notifications & i promise that you will ,2,668,4,[0.17042013 0.3183867  0.15039523 0.3607794 ],False
"An expert who saw footage of a massive fire in a suburban Detroit community wondered what caused the violent blaze. Until he learned that vape pens were at the site. #detroit 

Thumbnail source: Sourc",2,513,2,[0.3297976  0.616143   0.03476041 0.01201288],True
"Krystal and Saagar discuss Don Lemon's contentious interview with Elon Musk. 


To become a Breaking Points Premium Member and watch/listen to the show uncut and 1 hour early visit: https://breakingpo",4,1357,4,[0.01070683 0.01658306 0.00887627 0.96379817],True
"Streetwise charmer Eddie (Nick Moran) enters the biggest card game of his life with the savings of his three best friends:  Tom (Jason Flemyng), Bacon (Jason Statham) and Soap (Dexter Fletcher).  But ",3,1097,2,[0.24604346 0.520874   0.12371843 0.10918112],False
"INSTAGRAM: @swisher.ig
  / swisher.ig  
Subscribe to our channel: http://bit.ly/2SLw5OP

""Sub Apa"" 

BOOKING SWISHER: +40754978934

Music by Swisher
Instrumental, Mixed & Mastered by Seven @Thrap Musi",4,1232,4,[8.939609e-06 4.785028e-06 4.785028e-06 9.999813e-01],True
"Více info na FB
PATREON:   / noidvape  
FACEBOOK: www.facebook.com/Noidvape
ODYSEE: odysee.com/@NoidVape

(Disclaimer)Videos May Contain Adult Content/Language, Must be 18 years of age or older

Warni",3,829,2,[3.5902588e-03 9.9547923e-01 9.0775959e-04 1.7698496e-05],False
"Is Vaping Without Nicotine Really Harmless? • Is vaping without nicotine really harmless? Find out the truth in this video! Learn about the potential health risks, toxic chemicals, and lung damage ass",2,438,2,[2.4722882e-03 9.9739218e-01 1.3102648e-04 3.0814472e-06],True
"Thanks for watching!

MERCH DROP AVAILABLE NOW: https://lofestore.com

Follow my socials:
Instagram:   / itslofe  
Tiktok:   / itslofe  
Twitter:   / itslofe  
Snapchat:   / itslofe  

Goten's channel",2,439,2,[1.7913147e-04 9.9761236e-01 7.0847874e-04 1.4998495e-03],True
"Vaping related illnesses are on the rise, and it appears to be related to a black market of THC vapes. WSJ’s Daniela Hernulldez sat down with doctors and experts to understand what’s happening with th",2,781,2,[1.7948086e-04 9.9955815e-01 2.6114311e-04 1.2093326e-06],True
"TRY HAPPY DAD (21+ Only): http://happydad.com

Full Send & Nelk Store: http://fullsend.com

Subscribe to FULL SEND PODCAST on YouTube:    / @fullsendpodcast  

INSTAGRAM |   / nelkboys  
TWITTER |   /",2,405,4,[0.05553826 0.36215496 0.02107995 0.56091654],False
"DISCLAIMER: I don't monetize my videos with someone else's content. This is a fan art channel & I own nothing but the editing. If you are the owner and would like your music or movie removed, please c",1,58,1,[0.708031   0.01009952 0.27726892 0.00395503],True
"Aamir Khan extended his support to ex-wife Kiran Rao's film ""Laapataa Ladies"" while indulging in a bit of leisurely pipe smoking during his latest Instagram live session. Broadcasting from his product",3,946,1,[7.9955149e-01 2.1307325e-02 1.7840406e-01 7.2909659e-04],False
"INSTAGRAM: @swisher.ig
  / swisher.ig  

""PANORAMIC"", material extras de pe mixtape-ul SWI$HER

Music & Written by Swisher, M.G.L.
Engineered by Sevn

BOOKING: swishhhbusiness@gmail.com

#SWISHER #M.G",4,1362,4,[8.9394289e-06 1.0129699e-05 1.8924771e-05 9.9996114e-01],True
"In this lesson, we will learn to ask about tobacco use in Spanish.

You will hear a brief clinical dialogue where the doctor asks the patient if they smoke, when they quit, for how long they smoked, a",3,1001,1,[0.7836025  0.03664958 0.17484535 0.00465947],False
"@HiTommySwisher and @THOUXANBANFAUNI - Shawty AINT SHIT

Produced by: @RXLVND
Twitter/Soundcloud: @RXLVND


Shot By: Divante K.

Connect with Tommy Swisher
https://www.hitommyswisher.com/
  / tommy-sw",4,1501,4,[9.6786511e-04 1.1674681e-03 7.0810528e-04 9.9708647e-01],True
"https://www.brazos-walking-sticks.com...

Ike Johnson, a forth generation tobacco farmer, explains what a tobacco stick is. Visit the link above to learn more about these genuine pieces of American hi",3,1031,3,[6.6913860e-03 9.5447496e-05 9.9308974e-01 1.1513166e-04],True
"Discover the inspiration, alchemy and process behind NEW Tobacco Absolute Collection, a woody time-honoured fragrance veiled in profound notes. #MrMoltonBrown

Shop Tobacco Absolute Collection: https:",3,909,3,[2.8008749e-03 8.9145706e-06 9.9718046e-01 8.9145706e-06],True
"FULL SHOW: Real time with Bill Maher (HBO) | Overtime Kara Swisher, Beto O'Rourke, Sarah Isgur

This week features a one-on-one interview with Kara Swisher, host of the podcast ""On with Kara Swisher,""",4,1263,4,[4.8751975e-04 4.3023465e-04 2.4514031e-04 9.9882084e-01],True
"Reporter Stephanie Leydon talks with the Gabriel family about their teenage son's struggle with a vaping addiction.

We can’t do it without you. Support our award-winning community journalism by donat",2,767,2,[0.02018625 0.9726282  0.00450416 0.0024109 ],True
"How To Make Tobacco From Tobacco Leaves | Processing Tobacco Leaves | How to Grow Tobacco Plant

Have an interesting or creative video you made and want to see featured in our next compilation? Email ",3,1125,3,[6.6918358e-03 1.3047004e-04 9.9315649e-01 1.5582424e-05],True
"Official Music Video from the album Press Start by Kenny Swisher! 

Follow Us!

https://www.worldsupremacyentertainme...
https://www.kennyswisher.com/

Like and follow Us!

  / worldsupremacyentertain",4,1219,4,[3.2886949e-06 4.7850231e-06 1.1478673e-05 9.9998021e-01],True
"Watch my full set from The Masquerade London

Latest Music + upcoming The Masquerade Events: 
https://linktr.ee/claptone

Follow Claptone:
Claptone Shop  |  http://www.claptone.com
Spotify  |  http://",3,888,1,[0.63900703 0.19488612 0.10431503 0.06132364],False
"Follow Morabeza Tobacco:
  / ttyl-1  
https://open.spotify.com/track/4FDkX9...
   • Morabeza Tobacco - TTYL  

Art by Mariano Peccinetti:
https://society6.com/trasvorder
  / marianopeccinetti  

For m",3,967,1,[0.67829096 0.05069495 0.20686704 0.06114978],False
"smoking and review of a swisher sweets’ blk cherry cigarillo! hope y’all enjoy ykwis!

Follow Me on Instagram: https://instagram.com/jacobfuckingjones/
My Book, Merch, and Other Socials: http://jacobf",4,1416,4,[5.8799109e-04 5.8799109e-04 1.1578231e-04 9.9870205e-01],True
"This film starts with a look at the cultivation of tobacco and its role in the economy, and moves on to an examination of the many substances found in cigarettes, how those substances are transformed ",3,1096,3,[2.9420307e-01 2.8276339e-05 7.0575649e-01 1.1787333e-05],True
"Bholu Got Caught for what? Watch this hilarious story.

Instagram ►   / triggeredinsaan  

Facebook ►   / realtriggeredinsaan  

Gaming Channel ►    / liveinsaan  

Discord ►   / discord  

Game ► Get",1,56,4,[0.11073218 0.34107912 0.16111436 0.3864933 ],False
"A Porterville father was arrested after his son was hospitalized for fentanyl exposure. The Tulare County Sheriff's Office says 25-year-old Gary Stewart called 911 Monday afternoon, reporting his two-",3,916,3,[0.3273991  0.23953031 0.3709918  0.06056274],True
"“Cigarette Song” featured on Raury’s debut EP, INDIGO CHILD. Available on iTunes: http://smarturl.it/IndigoChildEP 

Directed by Andrew Donoho and Carlon Ramong
Written by Carlon Ramong

Follow Raury:",3,1159,1,[9.9231768e-01 1.8780114e-05 7.5764386e-03 8.4166633e-05],False
"Kid Night Club Prank ►    • Kid Night Club Prank  

Watch extras from this video on Patreon! ►   / whatever  

 Join: http://youtube.com/whatever/join
 Patreon:   / whatever  
 Merch: http://shop.what",1,289,1,[0.92278767 0.02170189 0.04054446 0.01491547],True
"Subscribe to our channel: http://bit.ly/2SLw5OP

INSTAGRAM: @swisher.ig
  / swisher.ig  

""A DEVENIT ARTISTA""  Material extras de pe mixtape-ul ""ULTIMA AFACERE""

Lyrics by Swisher
Engineered by Seven ",4,1389,4,[0.00402861 0.00276882 0.00664205 0.98576725],True
"I'm a big fan of the Zaharoff library of fragrance and with Signature Tabac the love affair continues.

Aussies if you would like the chance to experience the Zaharoff range of fragrances along with t",3,1023,3,[0.32291657 0.04370201 0.6032876  0.02650661],True
"The Wisconsin Department of Health Services and local health departments are investigating a cluster of people with severe lung disease who all reported recent vaping THC products, many containing vit",2,712,2,[0.04990896 0.9127395  0.01864961 0.01836048],True
"  / tay-k-swisher-freetayk  
I do not own the rights to this song.
Tay-k unreleased song
-------------------------------------------------------------------------
(lyrics)
Pop up out the cut
We get up",4,1431,4,[2.5612655e-06 2.5612655e-06 3.7266195e-06 9.9999094e-01],True
"FANMADE MUSIC VIDEO edited using snippets from Love, Simon official trailers (Greg Berlanti, 2018) and the following videos:

Just Like Heaven: Troye Sivan -    • Just Like Heaven: Troye Sivan  
Troye",3,986,1,[0.7014358  0.16922927 0.08377456 0.04484129],False
"""The all-new ePod 2 comes equipped with a striking new red charging cable with a distinct v-cut profile, meaning it won’t get lost in your sea of charging cables. Just one of the many upgraded specs t",2,500,2,[0.04321185 0.92391    0.02041183 0.0123804 ],True
"Heavy is big. Heavy is smart. Heavy will not stand idle when he is predisposed to passive smoking where it is forbidden. Even the sign says so.
Support my videos:   / kostamoinen  
Part 2!?    • Garde",3,882,3,[0.2533153  0.2533153  0.3055566  0.18532944],True
"Cigarette Ahegao performed by Penelope Scott

⬇️ Support Penelope Scott⬇️
   / @penelopescott5194  
   / penelope scott - topic  
https://open.spotify.com/artist/3u6lP...
  / penelope-scott  
https://",3,999,1,[9.1428840e-01 3.4754752e-04 8.5042067e-02 3.0670958e-04],False
"Wheeler's brand new album, WW III, featuring ""All The Pussy You Will Slay"" and ""I Like Smoking Pot (A Lot)"" is available now. 

Get WW III: https://ffm.to/wwiii

Subscribe to Wheeler's Channel:    / @",3,808,1,[0.58752    0.15812887 0.07469478 0.17918347],False
"We got a new Swisher Rough cut pull behind mower and we're so excited to use it! We couldn't find any good ""unboxing"" videos or anything listing the dimensions of the crate so we made one.

The crate ",4,1173,4,[7.3381972e-07 9.4224316e-07 8.3152662e-07 9.9999750e-01],True
"marlboro cigarette flavors tierlist!! i made a tierlist of the marlboro flavors and ranked them. some of the cigarettes in today's video are the marlboro reds, greens, silvers, golds, midnights, black",3,849,4,[0.05453156 0.00225079 0.19033384 0.75278497],False
"Jeremy Hunt is expected to introduce a new tax on vapes during the Spring Budget this afternoon, which will affect millions of smokers. 

It’s anticipated that the new duty will be imposed on the liqu",2,615,2,[3.1643037e-03 9.9419469e-01 2.6232998e-03 1.2148288e-05],True
"Our new animated video describes how smoking can harm your mental health through the tobacco withdrawal cycle, and how quitting smoking can offer mental health benefits. This video is based on work co",1,332,1,[0.6803462  0.08125576 0.23512137 0.00315063],True
"The actress dishes about the new season of the Netflix show.

SUBSCRIBE to GMA's YouTube page:
https://bit.ly/2Zq0dU5

VISIT GMA's homepage:
https://www.goodmorningamerica.com

SIGN UP to get the dail",4,1392,4,[2.2826582e-05 4.0061892e-05 2.1443588e-05 9.9991512e-01],True
"INSTAGRAM: @swisher.ig
  / swisher.ig  

BOOKING SWISHER: +40754978934

Versuri: Swisher
Instrumental by Demons
Mixed & Mastered at #Midiots by Horace

Visual directed by @eternosanctum

Swisher:   / ",4,1197,4,[6.1440232e-06 8.9395016e-06 1.4738745e-05 9.9996924e-01],True
"I Smoked a Cigarette, but Made the Experience into a Nightcore Song. No joke.

Follow Me on Instagram:   / jacobfuckingjones  
My Book, Merch, and Other Socials: http://jacobfuckingjones.com/

Subscri",3,978,1,[7.9806650e-01 1.2646268e-04 2.0178281e-01 2.1975919e-05],False
"INSTAGRAM: @swisher.ig
  / swisher.ig  

Material extras de pe mixtape-ul ""SCARI DE BLOC""

Versuri: Swisher
Instrumental: Saajaa
Mixed/Mastered @ Midiots Studio by Horace

Artwork directed by Cratooni",4,1314,4,[4.8755301e-04 2.3030372e-04 3.7970665e-04 9.9888903e-01],True
"Family Guy Stewie vaping, Family Guy new episode, Family Guy Season 17, Stewie and Chris attends a party , Stewie learns how to vape.

#ScarlettStewie

 DONT CLICK THIS :    / @themetaanalyst  

FAMIL",2,493,2,[0.01676515 0.974381   0.0048033  0.00398207],True
"VIDEO IS OUT NOW:    • 1 Year Quitting Nicotine Documented  
02/24/2023 11:00am PST  1 year quitting my nicotine addiction documented  

I documented quitting my nicotine addiction and my life changed",2,462,2,[2.6112684e-04 9.9949586e-01 2.3044363e-04 1.1473113e-05],True
"Get a free audiobook with a 30-day trial today by signing up at http://www.audible.com/infographics or text INFOGRAPHICS to 500-500 to get started! 

This Is What Happens To Your Body When You Stop Sm",3,889,1,[9.7911865e-01 5.4153521e-04 2.0320959e-02 1.1964072e-05],False
"Excellent Factory Tobacco Manufacturing Process. Amazing Cigarette Production Line Modern Technology
SUBSCRIBE: https://bit.ly/2IlhKV0
music
Fretless by Kevin MacLeod
Link: https://incompetech.filmmus",3,1022,2,[0.06612631 0.80558336 0.10902385 0.01894551],False
"The FDA and CDC are detailing the current state of tobacco use among American youth and the news is mostly encouraging.
-----------------------------------------------------------------------------
CB",3,1052,1,[0.590359   0.14022255 0.2311879  0.03774039],False
"INSTAGRAM: @swisher.ig
  / swisher.ig  

Material extras de pe mixtape-ul ""SCARI DE BLOC""

Versuri: Swisher, Basa
Instrumental: @playboistefi x Dyemon
Mixed/Mastered @ Midiots Studio by Horace & Basa
",4,1174,4,[5.5241870e-04 2.7777359e-04 3.5666832e-04 9.9879646e-01],True
"Smoking causes cancer, heart disease, stroke, lung diseases, diabetes, and chronic obstructive pulmonary disease (COPD), which includes emphysema and chronic bronchitis. Smoking also increases risk fo",1,70,3,[2.5948649e-02 3.2664527e-04 9.7371590e-01 8.7048020e-06],False
"The only conclusive data we have about what is the safe limit to smoke,  points toward  a  definite  answer is  zero. Zero is the number of cigarettes to smoke in a day, in weeks, in months, a year to",1,351,1,[0.815845   0.06909444 0.06097563 0.05215522],True
"While It May Be Hard to Believe, There Are Actually Benefits to Smoking Cigarettes. Today, I’ll be going over 9 of those reasons. Hope y’all enjoy ykwis!

Follow Me on Instagram: https://instagram.com",1,49,1,[8.6691600e-01 1.0050399e-04 1.3294588e-01 2.1066780e-05],True
"INSTAGRAM: @swisher.ig
  / swisher.ig  
Subscribe to our channel: http://bit.ly/2SLw5OP

""BLANĂ PRIN ORAȘ""

BOOKING SWISHER: +40754978934

Music by Swisher
Instrumental & Engineered by Seven @Thrap Mu",4,1469,4,[1.2218836e-05 1.0783086e-05 7.8890735e-06 9.9996817e-01],True
"CHECK OUT DR. SHELTON'S INNOVATIVE SUPPLEMENT LINE AND BOOST YOUR HEALTH:  
http://www.ZenithLabs.com


In this video Dr. Ryan Shelton talks about a question he is often asked, ""Is vaping safer than s",2,543,2,[6.2629156e-04 9.9930573e-01 6.6010645e-05 1.9933489e-06],True
"Listen to the new album TERRA FIRMA here - https://tashsultana.lnk.to/TerraFirma...
Tash Sultana bedroom recording of 'Jungle' - 2016

Subscribe to my channel: 
http://smarturl.it/Tash_YTSubscribe

FO",1,275,1,[0.43821245 0.11794328 0.30117872 0.11794328],True
"Dance Gavin Dance's ""Strawberry Swisher, Pt. 3"" comes from their new album 'Tree City Sessions 2' - Out now! Buy/stream at riserecords.lnk.to/TCS2

LYRICS
I was raised to believe
All that I read
Fall ",4,1245,4,[0.00484222 0.00515452 0.00749978 0.982277  ],True
"⚠️ DISCLAIMER: NEVER SMOKE CIGARETTES. THEY ARE EXTREMELY BAD FOR YOU AND ARE THE NUMBER ONE CAUSE OF LUNG CANCER. I CARE ABOUT YOUR HEALTH. THIS IS JUST A PRANK ⚠️
I bought and smoked FAKE cigarettes",3,1033,1,[0.8188793  0.1612469  0.0180914  0.00139506],False
"i'm smoking a cigar for the first time as my 20k subscriber special, along with doing a little bit of a q&a!! thanks so much for this massive milestone, i never thought that we would make it here :). ",3,974,1,[9.4560230e-01 2.7994058e-04 5.3347234e-02 7.6095737e-04],False
"Marine biologists were back on Service Club Park Beach in Venice on Tuesday completing a necropsy, or animal autopsy, on a whale that died after stranding itself about 150 yards offshore on Sunday mor",3,1089,2,[0.14921354 0.57199395 0.10916696 0.16908108],False
"What's going on guys StonyRob420 here cooling and toking. In today's video, we're going to be trying a swisher sweets blunt for the first time!

DISCLAIMER: This channel is for mature audience (18+). ",4,1529,4,[1.6857190e-04 2.3041047e-04 2.4527070e-04 9.9935204e-01],True
"Is vaping cheaper than smoking cigarettes? What are the costs of smoking vs. vaping? In this video we explain the differences in the average cost of each!

When it comes to the cost of a pack of cigar",2,757,2,[4.0691854e-03 9.9569678e-01 2.2956771e-04 3.0762092e-06],True
"World Series Champ, All-Star, and ultimate life-enthusiast, Nick Swisher, takes us off the field and into the studio to set the stage for season 1 of The Nick Swisher Show. 

In the premiere episode, ",4,1487,4,[1.2098619e-06 1.3709532e-06 1.7603388e-06 9.9999571e-01],True
"INSTAGRAM: @swisher.ig
  / swisher.ig  
Subscribe to our channel: http://bit.ly/2SLw5OP

""PE RĂCOARE""
Material extras de pe mixtape-ul MUZICA DE LOFT

BOOKING SWISHER: +40754978934

Produced by Swishe",4,1525,4,[8.5534633e-04 3.1466433e-04 3.1466433e-04 9.9849701e-01],True
"I'm today's episode, we solve Barron Trump's vaping problem.

Support SOME MORE NEWS:   / somemorenews  
Check out our MERCH STORE: https://tinyurl.com/y4xxl3zn
SUBSCRIBE to SOME MORE NEWS: https://ti",2,613,2,[2.0496191e-03 9.9740207e-01 4.8682722e-04 5.8143218e-05],True
"This France-Canada co-production goes behind the scenes of the huge tobacco industry, whose economic power has been expanding for five decades at the expense of public health. A gripping investigation",1,78,3,[2.4502675e-01 1.5356482e-04 7.5473559e-01 8.2197323e-05],False
"INSTAGRAM: @swisher.ig
  / swisher.ig  

Material extras de pe mixtape-ul ""SCARI DE BLOC""

BOOKING SWISHER: +40754978934

Versuri: Swisher & RENATO
Instrumental: SNRS
Mixed/Mastered at Sage Music by R",4,1434,4,[1.1478477e-05 1.1478477e-05 1.3006818e-05 9.9996316e-01],True
"Mancera Red Tobacco Review!

So after our ""perfume gift game"" where I gave Sandra Mancera Red Tobacco I had to do a joint review of this perfume to get her feedback on this tobacco perfume!

It's funn",3,1007,1,[0.53313214 0.01420749 0.41520372 0.034082  ],False
"Buy/Stream: https://lnk.to/FootprintsIFound

Lyrics: 
(Verse)
The smell of cigarettes is always
A reminder that you're gone
I smelled it on your breath
Everytime we'd sing our songs

(Break)
Ooooooooo",3,816,1,[0.9520722  0.00476723 0.04054413 0.00232336],False
"Are e-cigarettes less harmful than regular cigarettes? Yes—but that doesn't mean e-cigarettes are safe. E-cigarette aerosol generally contains fewer toxic chemicals than the deadly mix of 7,000 chemic",2,621,1,[0.4829512  0.45369065 0.05090268 0.01209045],False
"This Swisher® Predator Self-Propelled Push Rough Cut Lawn Mower can clear the densest undergrowth with ease, including cutting saplings up to 1 1/2in. dia. Great for cutting trails through the woods, ",4,1177,4,[1.9947058e-06 4.2227916e-06 7.8892135e-06 9.9998593e-01],True
"How to Stop Smoking!

Welcome to Lord Wojak! On this channel, I create meme story videos pertaining to Doomer, Boomer, Chad and Bogdanoff. If you are new to the world of crypto meme, Bogdanoff is the ",1,371,1,[0.394098   0.28832826 0.27085936 0.0344359 ],True
"Plague Tube Mod 28mm by Vaping Chronology | Unboxing | All Variants

For orders/inquiries:
Ale xiis Tamaña
  / alexiis.tamana  

or join the ~City of Gods~ By Vaping Chronology FB Group:
  / vapingchr",2,551,2,[0.14520429 0.50681275 0.28877318 0.05686281],True
"Famous Footballers Who Smoke Cigarette in Real Life

_______________________________________



√ Rameses B & SOUNDR - Good With It Background by NCS [ No Copyright Music ] √
Rameses B & SOUNDR - Good",1,306,1,[0.63447165 0.09140431 0.19350292 0.07577684],True
"#Vaping #Among Students #problem 
The Alarming Rise of Vaping Among Students

Summary:
The U.K. government on Monday announced it will ban disposable vapes, citing an “alarming rise” in the number of ",2,529,2,[8.4807114e-05 9.9986887e-01 4.5393979e-05 8.3141970e-07],True
"Learn how to vape just about anywhere with these two easy to learn stealth vaping techniques.  This video covers everything you need, from which ecig to use, what e Liquid to vape and how to position ",2,567,2,[0.17889567 0.8017547  0.00612147 0.01295916],True
Dr. Eric Hamberger shares how vaping affects your lungs and how liquid nicotine can cause very serious and irreversible lung damage like acute respiratory distress syndrome. Dr. Hamberger also shares ,2,597,2,[0.15721025 0.66187984 0.06351868 0.11682872],True
"Vaping is rapidly taking over the smoking scene, touted as a healthier way of curbing cigarette addiction. And with it, the public discourse around the product has been getting heated, with misinforma",2,710,2,[1.0982185e-02 9.8858470e-01 4.2582551e-04 6.4658184e-06],True
"Official music video for ”Cigarette Daydreams” by Cage the Elephant
Listen to Cage the Elephant: https://CageTheElephant.lnk.to/ListenYD 
Watch more videos by Cage the Elephant: https://CageTheElephan",1,29,3,[2.0179678e-01 3.6234673e-05 7.9812181e-01 4.1059266e-05],False
"A close friend of Mizzou student Riley Strain‘s family said a couple visiting Nashville interacted with the 22-year old shortly before he went missing. ""The mother reached out, she saw Riley. She ... ",4,1179,1,[0.62950426 0.29735675 0.0333625  0.03134117],False
"As more people take up vaping, what do we know about its effects? And does it help you quit smoking? ABC National Medical reporter Sophie Scott explains. Subscribe: https://ab.co/3yqPOZ5   Read more h",2,744,2,[0.02142534 0.969785   0.00763944 0.0010667 ],True
"The FDA recently blew past a court-set deadline for reviewing nicotine vaping products, a move that has left the entire vaping industry in legal limbo. Steve Forbes on vaping versus smoking tobacco, o",3,1084,2,[4.6522456e-01 5.2716851e-01 7.5196549e-03 6.9253634e-05],False
"Smoking is one of the leading causes of preventable death worldwide. If you could extend your life by quitting smoking, would you? Watch this video to see what happens to your body when you finally qu",3,1157,1,[9.2409486e-01 4.1953845e-05 7.5854324e-02 7.2904845e-06],False
"#Swisher

Spotify  https://spoti.fi/3NUh0Vy
Apple Music  https://apple.co/3KnGs3J
Amazon  https://amzn.to/3DR2xFk

JHONNY WEEZY | https://www.instagram.com/jhonnyweezy...
BROWNIEE | https://www.instag",4,1305,4,[0.0048566  0.00276721 0.00550325 0.9851945 ],True
"• Stream Juice WRLD - Cigarettes: https://JuiceWrld.lnk.to/Cigarettes
 Spotify Playlist: https://futrhype.com/spotify
⚡ Submit your music here: https://futrhype.com/submit

• Spotify Playlists:
Sad Ra",3,1117,1,[0.52874243 0.15148726 0.28301546 0.03380137],False
"In 1963, a patent was filed for a “smokeless non-tobacco cigarette,” but the invention did not take off. Fast-forward to 2013, and electronic cigarettes—or e-cigs, as they’re called— had mushroomed in",2,678,1,[0.5492424  0.11512746 0.13887022 0.13887022],False
"The Cigarette Smoking Man is a pivotal recurring character in the X-Files television series.

Patreon -   / filmcomicsexplained  

Check out my videos on the Flukeman, Purity Virus and Mr Chuckle Teet",1,353,1,[0.31402653 0.21582708 0.27712744 0.19046673],True
"Finally, after more than 250 matches, my Solo Q experiment is finished! This video contains some of the best (and worst) moments of this adventure and a summary of the fascinating statistics that we c",1,51,2,[0.24213302 0.31090495 0.12960446 0.31090495],False
"Tobacco smoking is perhaps the MOST ADDICTIVE substance. Quitting is a challenge but is POSSIBLE! This is the right time to QUIT.
Learn what makes it so hard to quit? what are symptoms of nicotine wit",3,1029,4,[0.06716387 0.1107345  0.18257035 0.6372331 ],False
"Kara Swisher, the co-founder of two of the most-read tech news sites in Silicon Valley, on why she doesn't care about the barbs she gets from the tech giants she interviews.

#tech #siliconvalley #sky",4,1402,2,[0.06746994 0.640137   0.11841344 0.17229053],False
"When it comes to consuming cannabis, there are two main methods: smoking and vaping. 
Both methods will get you high, but they differ in key ways. 
Let's take a closer look at the differences between ",2,464,2,[0.42197296 0.44918787 0.07805714 0.02697583],True
"Review and Smoking a Cherokee Blue 100 Light Cigarette, Made in Virginia.

Timestamps: 
00:00 - Intro & Overview of the Cigarette 
00:52 - Expectations 
03:03 - Packaging 
13:22 - Look, Quality, Blend",1,342,1,[0.90620106 0.04372898 0.0398157  0.00861075],True
"●Adin presses Fanum
●SMASH that like button!
●SUBSCRIBE TO THE CHANNEL IF YOU HAVENT ALREADY!
●Join my DISCORD: discord.gg/fanum
▬▬▬▬▬▬▬▬▬▬▬▬▬▬▬▬▬▬▬▬
District 10 RP (DISCORD):   / discord  
HOW TO GET",2,607,2,[0.24191198 0.6373532  0.0849191  0.0050601 ],True
The dry and arid Khyber Pakhtunkhwa region – home to the mighty black scorpion – has emerged as the epicentre of a rare drug culture. People in Pakistan’s borderlands are no strangers to narcotics; th,3,1107,2,[0.17695044 0.54504573 0.04474008 0.22720885],False
"Mayor Pete Buttigieg talks to Kara Swisher about systemic racism, regulating tech, and the divided Democratic Party on the Recode Decode podcast. 

Among Buttigieg’s proposals for tech regulation: A n",4,1182,4,[0.0285437  0.07288887 0.08259392 0.7836293 ],True
"LMFAOOOO YOU GOT TO WATCH TIL THE END!!

Make sure you guys LIKE, SUBSCRIBE, TURN POST NOTIFICATIONS ON and COMMENT what you want to see next!!!

Subscribe: http://bit.ly/TheFamilyProjctSubscribe
Chec",2,578,2,[0.09724902 0.8142561  0.04053942 0.04593719],True
"iTUNES: http://smarturl.it/dgd-happiness
MERCH: http://riserecords.merchnow.com/catal...

Please, girl, stay 'til the early mornin'.
We can have some coffee.
You can do my laundry.
Please, girl, stay.",4,1478,4,[0.2390299  0.0706571  0.19816275 0.47536772],True
"Text JOINMCCALL to 88709 to access 24/7 support, advice from addiction experts, a community of new quitters and daily messages from me for FREE! 

✩ follow me  @McCall Mirabella  everywhere ✩
instagra",2,754,3,[0.34458238 0.01944001 0.5681203  0.0678523 ],False
"At least 450 cases span 33 states and the U.S. Virgin Islands, and the cause is still a mystery.  Officials think the illness may stem from chemical exposure and oil droplets
» Subscribe to NBC News: ",2,691,4,[0.22559598 0.17569433 0.0570396  0.5411766 ],False
"'Oasis Knebworth 1996'. In Cinemas Worldwide from Thursday, 23 September. Tickets now on sale at https://www.oasisknebworth1996.com
 
Don't miss your chance to experience Oasis’ greatest shows on the ",1,220,1,[0.918682   0.0115645  0.05182849 0.0048208 ],True
"Kara Swisher, executive editor of Recode, interviewed Facebook CEO Mark Zuckerberg on Wednesday. After speaking with him, Swisher said, “Facebook did not do enough to monitor what third party develops",4,1531,4,[0.04354842 0.02993036 0.02189752 0.8746934 ],True
"The rise of vaping vs the history of smoking. Find out how vaping links to the current big tobacco industry and its controversial history.

Watch more from BTN High https://www.abc.net.au/btn/high
BTN",2,497,2,[0.07913496 0.58473265 0.24375284 0.08967166],True
"Who Really Cares
by TV Girl
https://tvgirl.bandcamp.com

Who Really Cares:

ull album about Sex
Or lack thereof
ulld its consequences
Or lack thereof

released February 26, 2016

Each download comes w",3,941,2,[0.27308095 0.46452633 0.12502557 0.13308902],False
"Notice how he chucks the cigarette and match stick into the Arabian Sea behind him...

Bollywood actor Shah Rukh Khan smoking cigarettes in between takes during an interview in his younger days. The k",1,277,3,[0.2902193  0.18366572 0.34062874 0.18321785],False
"Follow the FV Vape Show for more of the best irreverent vaping content.

Pete’s Special Amazon Gift: https://geni.us/62CXCn

=============================
See more of what we do:
=====================",2,433,3,[0.32188225 0.15204638 0.48320246 0.03966367],False
"Click Here To Subscribe : http://goo.gl/Wvp7qV
Cultivation of tobacco - How To Harvest Tobacco? Tobacco is a product prepared from the leaves of the tobacco plant by curing them. The plant is part of ",3,1101,2,[0.35252696 0.36371738 0.09943479 0.18005316],False
"Watch Swisher Sweet perform ""Go"" in his official Pink Gate music video at The Rox Shop

More from The Rox Shop: 
Pink Gate Videos: YouTube
Instagram: www.instagram.com/theroxshop
Twitter: www.twitter.",4,1524,4,[0.01652164 0.07176673 0.00941375 0.9020509 ],True
"subscribe for more sad songs  https://www.youtube.com/@deepblueoffi...

cigarettes after sex - k. (lyrics):

[Verse 1]
I remember when I first noticed that you liked me back
We were sitting down in a ",3,964,1,[0.55377156 0.3155295  0.09623106 0.03325657],False
"Love Tales From the Trip? Watch every episode here!:    • Tales from the Trip   -~-
DJ Carnage took DMT and now fully understands hippies. #TalesFromTheTrip

Tales From the Trip merch is now available",1,381,4,[0.19682223 0.20951618 0.19682223 0.39142773],False
"Artist - SGL // ALON3
Composer - SGL // ALON3
Beat Producer - SGL // ALON3

    :

DEER ⋆·˚   • DEER (Offical Lyric Video)  

Hypebeast ⋆·˚   • Hypebeast (Official Audio)  

Hna Myaw Dal⋆·˚    • SGL -",1,192,2,[0.19523515 0.32188836 0.19523515 0.28406546],False
"Wendy Williams was spotted Tuesday leaving her Manhattan apartment while being pushed in a wheelchair, DailyMail.com can reveal. The TV host wore yellow socks and appeared to have bruised legs as she ",2,660,4,[0.07914405 0.21513587 0.24378087 0.4554426 ],False
"E-cigarettes and vapes have exploded in popularity in the last decade, especially among youth and young adults -- from 2011 to 2015, e-cigarette use among high school students in the US increased by 9",3,1085,4,[0.11232592 0.18519413 0.25313038 0.44425765],False
"The rise of vaping vs the history of smoking. Find out how vaping links to the current big tobacco industry and its controversial history.

  
https://www.abc.net.au/btn/btnhigh/10...

 
◉ Health and ",2,720,2,[0.22648372 0.47946602 0.2566397  0.03473241],True
"Goody Grace - Don't Forget Where You Came From - Out Now
Listen here: https://GoodyGrace.lnk.to/DFWYCFid

‘Nostalgia Kills’ EP out now: http://goodygrace.lnk.to/nostalgiakil...

What Do I Do? out now:",1,184,4,[0.0760697  0.2343112  0.24942295 0.43775094],False
"Coleen Nolan has revealed that she thought she was going to die after having a panic attack in a hotel room. Coleen described the ordeal as the “scariest thing”.  Despite initial reluctance, she event",3,824,4,[0.084929   0.17979471 0.09623718 0.6275452 ],False
"Vietsub | Apocalypse - Cigarettes After Sex | Lyrics:

You leapt from crumbling bridges
Watching cityscapes turn to dust
Filming helicopters crashing in the ocean
From way above
Got the music in you b",1,63,1,[0.65319383 0.03922734 0.289853   0.01740703],True
"Subscribe to our channel http://bit.ly/AJSubscribe

Subscribe to our channel http://bit.ly/AJSubscribe


Secret documents from numerous intelligence agencies and obtained by Al Jazeera's Investigative",4,1345,4,[0.31386337 0.11546388 0.13927603 0.42900038],True
"Dr. Andrew Huberman discusses various methods to quit smoking, vaping or dipping tobacco.

Dr. Andrew Huberman is a tenured professor of neurobiology and ophthalmology at Stanford University School of",2,651,2,[0.35556123 0.37849295 0.19635956 0.05988628],True
"“Soul and Cigarette” is the first song from Luppi’s forthcoming concept album MILANO, out October 27th via Danger Mouse’s 30th Century Records. Directed by Daniele Luppi and based on artwork created b",1,128,3,[0.29312116 0.25867853 0.37637502 0.05422197],False
"A new hard-hitting advert warning of the dangers of smoking has been released by the Department of Health.

The new government anti-smoking advert, the first of its kind for eight years, shows a tumou",3,1047,2,[0.3318367  0.35323834 0.24277693 0.04490921],False
"Big Tobacco is trying clean up its image, moving  into the booming e-cigarette business which continuing to peddle the deadly tobacco products.  This has left public health officials in Canada, the U.",3,1042,1,[9.9079293e-01 8.5720383e-03 4.8360135e-04 1.3855411e-04],False
"The C21 Ensemble led by Marty Swisher perform “Never One Thing” by May Erlewine as part of Bellissima Opera’s annual International Women’s Day Concert. Held on March 5, 2023, at Good Shepherd Lutheran",4,1240,1,[0.52384436 0.26340547 0.06659933 0.10315106],False
"Get cheap Perfume Parlour clones by following this link  https://goo.gl/QS2uKK

Tobacco Oud and Tobacco Oud Intense, which is best? In this video I am comparing these two offerings from the Tom Ford P",3,1013,1,[0.39802498 0.24141435 0.24141435 0.10712697],False
"It seemed only fitting during the quarantine that I would perform some of my favorite songs to help y'all get through these times. This installment features a song that means a lot to me, 'Smoking Sec",1,30,1,[0.28735617 0.28735617 0.28735617 0.13573745],True
"☁️ if you want extra videos, photos and behind the scenes: ☁️

                               Patreon: www.patreon.com/connieramos  
                      ☕ https://www.buymeacoffee.com/connieramos ☕
",1,361,1,[0.6927593  0.08019271 0.21127963 0.01437776],True
"☁️ if you want extra videos, photos and behind the scenes: ☁️

                               Patreon: www.patreon.com/connieramos  
                      ☕ https://www.buymeacoffee.com/connieramos ☕
",1,218,1,[0.6927593  0.08019271 0.21127963 0.01437776],True
"☁️ if you want extra videos, photos and behind the scenes: ☁️

                               Patreon: www.patreon.com/connieramos  
                      ☕ https://www.buymeacoffee.com/connieramos ☕
",1,382,1,[0.6927593  0.08019271 0.21127963 0.01437776],True
"☁️ if you want extra videos, photos and behind the scenes: ☁️

                               Patreon: www.patreon.com/connieramos  
                      ☕ https://www.buymeacoffee.com/connieramos ☕
",1,163,1,[0.6927593  0.08019271 0.21127963 0.01437776],True
"-Articulating hitch with 2” ball coupler offers infinite adjustment, tool-free offset adjustment and reduces storage space
-11.5 HP (344cc) Briggs & Stratton recoil start engine
44"" welded, 11-gauge s",4,1193,4,[0.02983135 0.00754255 0.36342025 0.5991787 ],True
"On this bonus episode, Guy and Dan interview Kara Swisher, podcast host and editor-at-large at New York Magazine

0:00 - Intro & San Francisco
6:00 - Media's Changing Landscape
13:15 - Tucker Carlson ",4,1376,4,[0.02676382 0.0532262  0.13591786 0.78215337],True
"We took to the streets of Belfast city centre on Wednesday to gauge the public's opinion on proposed new laws to curb youth smoking and restrict vapes.

It was announced this week that Northern Irelan",2,601,3,[0.05817754 0.09591855 0.4298771  0.40383217],False
"Band : The Cloves And The Tobacco
Song : Denting Gelas Akhir Pekan
Album : Jalan Pulang (2020)
Instagram : https://www.instagram.com/theclovesan...

Video by @yasuspade_
Copyright 2020

LIRIK :

Menta",3,892,2,[0.2817639  0.46455017 0.15081735 0.09737501],False
"It’s always 4/20 at Kush Queen.
Shop CBD Ingestibles: https://bit.ly/kushqueen_ingestibles 
Shop CBD Topicals: https://bit.ly/kushqueen_topicals 



One-click YT subscribe: https://bit.ly/CutSubscribe",3,998,2,[0.16475044 0.5074671  0.21154377 0.0999262 ],False
"taken from the album 'Cry' available now:  https://cigsaftersex.lnk.to/cry

website: https://cigsaftersex.lnk.to/web

-----------------------------------------------------------------

subscribe: http",1,380,3,[0.26928085 0.20971614 0.3248147  0.18507382],False
"Watch The Normies react to season episode 6 of The Boondocks, ""Smokin' With Cigarettes.""

Weekly schedule: https://www.thenormies.com/
Get EARLY ACCESS or PREMIUM ACCESS to our content as well as othe",1,365,4,[0.12661135 0.11894035 0.18421842 0.5674327 ],False
"Watch The Normies react to season episode 6 of The Boondocks, ""Smokin' With Cigarettes.""

Weekly schedule: https://www.thenormies.com/
Get EARLY ACCESS or PREMIUM ACCESS to our content as well as othe",3,931,4,[0.12661135 0.11894035 0.18421842 0.5674327 ],False
"-50” grading width to easily and quickly make any rough grade or driveway smooth sailing
-Heavy duty Commercial Grade 3/8” fabricated frame stands up to years of rugged use
-Adjustable flip up jack st",4,1463,2,[0.11568695 0.7086685  0.03528253 0.13954508],False
" All songs in this spotify playlist: https://spoti.fi/2TJ4Dyj​ 
#DeepFeelingsMix​ #DeepHouse​ #Chillout​

 Photo By :   / taylorlashae  

Cigarettes After Sex, Zubi, Edmofo, Carla Morrison, Emma Peter",1,274,1,[0.74353516 0.12523176 0.09753058 0.03266865],True
"Review and Smoking a Madison Classic Red Cigarette from Mexico, which cost me only 27 pesos, or just over $1.50 usd. It’s made by Montepaz, a tobacco company from Uruguay, which was started in 1880, h",1,198,1,[0.41249797 0.14939687 0.28350544 0.06947599],True
"Over the last few years vaping has exploded in popularity nationwide. While it was once looked at as a safer alternative to smoking, “This isn’t as good as you all think it is,” said Lee Health Nurse ",2,649,1,[0.4035892  0.30227435 0.17494297 0.11653715],False
"Juuling and smoking both contain nicotine, but is one healthier?
We talk Juuling on our Podcast!    • Juuling: Blowing Up or Blowing Smoke?  

Created by: Mitchell Moffit and Gregory Brown
Written by:",1,67,2,[0.24425815 0.5170945  0.21555704 0.017694  ],False
"Listen to The Neighbourhood’s new album Chip Chrome & The Mono-Tones now: https://thenbhd.lnk.to/CCTMTID

Amazon Music: https://thenbhd.lnk.to/CCTMTID/amazon... 
Apple Music: https://thenbhd.lnk.to/CC",1,236,1,[0.57898563 0.15583187 0.22673403 0.03701331],True
Surgeons at a Detroit hospital recently performed what’s believed to be the first double lung transplant on a 17-year-old patient whose lungs were irreparably damaged due to vaping. Doctors at Henry F,2,650,2,[0.10785492 0.5830581  0.15692797 0.14742018],True
In this brief video Dr. Frank the founder of Addiction Mindset recovery coaching reviews a futuristic vape that helps people quit vaping. If you are quitting vaping you have to check out the CAPNOS ZE,2,482,2,[0.05103443 0.9046069  0.03507541 0.00886845],True
"Listen to ""Cigarette"" on any platform HERE: https://ffm.to/bscigarette
Click here for instant access to UNRELEASED songs  ➡  https://laylo.com/brycesavage/cmGsc

Listen to all my songs on any platform",1,123,1,[0.6744623  0.12872338 0.14137498 0.05200895],True
"taken from the album 'Cry' available now:  https://cigsaftersex.lnk.to/cry

website: https://cigsaftersex.lnk.to/web

-----------------------------------------------------------------

subscribe: http",1,101,3,[0.26928085 0.20971614 0.3248147  0.18507382],False
"""Cigarettes After Sex"" : http://cigsaftersex.lnk.to/cas

K. - 0:00 - 5:18
Each Time You Fall In Love - 5:18 - 10:08
Sunsetz - 10:08 - 13:40
Apocalypse - 13:40 - 18:28
Flash - 18:28 - 23:00
Sweet - 23:",3,1108,1,[0.41274545 0.41274545 0.11108893 0.04350305],False
"-14.5 HP (603cc) Kawasaki electric start engine
-34 Ton Horizontal & Vertical Splitting Positions provides ample splitting force for all wood species
-25"" Opening
-2 Stage Pump maximizes cycle time
-D",4,1500,4,[0.32658347 0.1404618  0.19198851 0.33695033],True
"taken from the album 'Cry' available now:  https://cigsaftersex.lnk.to/cry

website: https://cigsaftersex.lnk.to/web

-----------------------------------------------------------------

subscribe: http",1,259,3,[0.26928085 0.20971614 0.3248147  0.18507382],False
The 2023 Blitzball World Series pool started at 22 teams. We are now down to the final 4... Both of these squads are still looking for their first ever Blitzball World Series title. Swisher Blitzball ,4,1300,4,[0.13154633 0.11251754 0.08762875 0.6474938 ],True
"Starry Eyes - Cigarettes After Sex
(For Esme)

from EP I.: https://cigsaftersex.lnk.to/ep-I

website:  https://cigsaftersex.lnk.to/web

----------------------------------------------------------------",3,1114,1,[0.82526886 0.05978228 0.0636379  0.04956125],False
"http://www.motorsportgoetz.com/Swishe...  FC11544BS 44 Finish Cut TrailMower by Swisher-Goetz
Lawn mower Finish Mower Trailmower Quad ATV UTV tractor 44"" (112cm)
Faster than every garden tractors! The",4,1178,4,[0.03734317 0.3543021  0.1476951  0.4549329 ],True
Quitting vaping and quitting nicotine has one major benefit. That benefit is freedom. Nicotine addiction trains us to keep doing something we no longer and to be doing anymore. It's time we break the ,2,602,2,[0.05109281 0.90564173 0.02734801 0.01463834],True
Over $5000 for a Pack of Cigarettes Owned by Kurt Cobain!. What's Your View? Would you bid on these.  Are you a collector of anything like this? Let us know what you think about this in the comments. ,1,244,2,[0.2194498  0.46457523 0.19366376 0.11746301],False
Want to learn how to quit smoking cold turkey? Want to learn how to quit vaping cold turkey? Want to quit smoking weed cold turkey? Want to Quit marijuana cold turkey? Want to learn how to quit using ,2,611,4,[0.08888879 0.16606614 0.27379674 0.45141453],False
"Sher Afzal Cigarette Peeta Ha Awam ka Khoon Nahi | 24 News HD


24 News HD Is One Of The Leading News Channels Of Pakistan Bringing You The Latest Current Affairs From Pakistan And Around The World.  ",3,1080,2,[0.29523614 0.4867621  0.10861131 0.10861131],False
"Sweet Magnolias JoAnna Swisher On Kids Reactions Towards Her Kissing Scenes    • Sweet Magnolias JoAnna Swisher On Kid...  
 


Check out more Exclusive Interviews:
   • Exclusive Interviews | UsWeekl",4,1280,2,[0.21032025 0.34675947 0.18560697 0.25369462],False
"☁️ if you want extra videos, photos and behind the scenes: ☁️

                               Patreon: www.patreon.com/connieramos  
                      ☕ https://www.buymeacoffee.com/connieramos ☕
",1,324,0,[3.7697852e-01 1.0588552e-03 2.6772049e-04 1.6238067e-04],False
"If you pay close attention to TV shows and movies, you’ll start to notice the same fake brands being used over and over again. And one of the most reused brands is Morley Cigarettes. No, it’s not some",3,1046,3,[0.20046648 0.10730197 0.6174802  0.0737475 ],True
"If you pay close attention to TV shows and movies, you’ll start to notice the same fake brands being used over and over again. And one of the most reused brands is Morley Cigarettes. No, it’s not some",1,344,3,[0.20046648 0.10730197 0.6174802  0.0737475 ],False
"The official video for ""1 Last Cigarette"" from The Band CAMINO's self-titled debut album available everywhere now: https://thebandcamino.lnk.to/TBC

Get 'The Dark' on limited Vinyl, CD, & Cassette now",3,838,1,[0.8420167  0.03067046 0.11395457 0.01201072],False
The dry and arid Khyber Pakhtunkhwa region – home to the mighty black scorpion – has emerged as the epicentre of a rare drug culture. People in Pakistan’s borderlands are no strangers to narcotics; th,1,352,2,[0.08821608 0.76804763 0.09101635 0.04808096],False
"Sales of marijuana oil cartridges used for vaping soared 400 percent between 2015 and 2016. But is this growing trend safe?

Subscribe to The Doctors: http://bit.ly/SubscribeTheDrs
Like us on Facebook",2,461,2,[0.12380192 0.43211114 0.16401088 0.2789919 ],True
"Is there life out there? The Cigarette Smoking Man has his own opinion.

Subscribe now for more The X Files clips: http://fox.tv/SubscribeXFiles

Watch more videos from The X Files: http://fox.tv/TheX",1,107,1,[0.5025332  0.13954844 0.2607108  0.03528337],True
"Want more incredible content from Getty Images? Be sure to check out their page here: https://www.gettyimages.com/
Top 10 Terrible Things Smoking Does to Your Body
Subscribe: http://goo.gl/Q2kKrD and ",3,924,4,[0.21995182 0.13340753 0.28242373 0.36263925],False
"Raw - No Edit - Vlog - Vaping in 2024 

*******************************************

Check out our website ➡️ https://vaperbay.co.uk



Watch This Next: https:    • LVE Orion Pico Pod - So SMALL!!  

",2,598,2,[0.03093097 0.54826456 0.33253926 0.0840791 ],True
"princess chelsea - cigarette duet (español)

sígueme en instagram y spotify (sí, esto es spam):
instagram:   / dyl.anx  
spotify: https://open.spotify.com/user/225mona...

sigue a princess chelsea en ",1,203,1,[0.75993407 0.07207901 0.10528481 0.0554812 ],True
"The third single from my upcoming album, NOCTURNAL. Pre-order/stream here: https://heavyheart.lnk.to/Nocturnal

CD/LP pre-order - https://heavyheart.lnk.to/NocturnalMerch

LYRICS
Treat me like your la",1,233,1,[0.5477689  0.03968025 0.3764757  0.03501769],True
"Sutta peene ke bahaane hain hazaar kabhi chai ke saath toh kabhi daaru ke baad aur iss aadat ko chodne ke liye hum sabhi  karte rehte hain koshishein baar baar but quitting smoking is not that easy, i",1,240,1,[0.4056388  0.2619001  0.10256155 0.203968  ],True
"I DO NOT OWN ANY OF THIS PLEASE DON'T TAKE THIS DOWN:(


Watch in 1080p for best resolution!!!

{USE HEADPHONES FOR BETTER EXPERIENCE}


Lyrics:



[Chrous]
Baby girl, your beauty got me in a daze
Tha",4,1370,4,[0.01258807 0.01110893 0.00695179 0.9692273 ],True
"Text ""VeppoTube"" to 38470 for your 15% off code!

Interested to start vaping? In this Beginner's Guide to Vaping: the basics of vaping, vaping etiquette and beginner tips and tricks.

For more informa",2,534,2,[0.19077641 0.67636114 0.10701588 0.02482968],True
"8/15/15: Nick Swisher cranks a two-run homer off the foul pole in right field, trimming the Braves' deficit to two runs in the 8th

Check out http://m.mlb.com/video for our full archive of videos, and",4,1228,4,[0.12062158 0.17550337 0.05028256 0.6520741 ],True
"Tegan and Sara's New Album 'Crybaby' Out Now: https://TeganulldSara.lnk.to/Crybaby
Tegan and Sara Merch: https://TeganulldSara.lnk.to/Store 
Subscribe to Tegan and Sara on YouTube: https://TeganulldSa",1,303,1,[0.36410847 0.19489324 0.30185655 0.13394804],True
E-cigarettes have recently become popularized and are thought to be a healthy alternative to smoking cigarettes. This informative video debunks this myth by explaining what e-cigarettes are and how th,2,422,1,[0.27919486 0.2463886  0.19188765 0.19188765],False
"Shaya Zamora - Cigarette (Lyrics) | Smoke me like a cigarette  || Wang Music
 Shaya Zamora - Cigarette (Lyrics) | Smoke me like a cigarette  || Wang Music
 Shaya Zamora - Cigarette (Lyrics) | Smoke me",1,316,1,[0.6564884  0.15024929 0.15261535 0.03624932],True
"Shaya Zamora - Cigarette (Lyrics) | Smoke me like a cigarette  || Herrera Music
 Shaya Zamora - Cigarette (Lyrics) | Smoke me like a cigarette  || Herrera Music
 Shaya Zamora - Cigarette (Lyrics) | Sm",1,124,1,[0.6644064  0.14912032 0.1434076  0.03859763],True
"(USMLE topics) Nicotine and other factors contributing to tobacco addiction: other substances, genetics, behaviors, types of tobacco products and the way they are consumed. Harmful effects of smoking,",3,1087,1,[0.44736877 0.19851868 0.14523937 0.16457778],False
"Krrish Vs Cigarette Man | Hindi comedy video| Don't miss
Unbelievable Hindi Comedy: Krrish Vs Cigarette Man
Desi Cricket || देसी क्रिकेट || The Comedy Kingdom
Very Special Trending Funny Comedy Video ",1,339,1,[0.61200345 0.22514352 0.09990682 0.06059655],True
"Do you agree? What is the best Blunt Wrap??  To watch the rest of the podcast head over to the @TrueBudsShow this episode is especially great for musicians and creatives in general! 

Pofsky
@trappofs",4,1372,4,[0.1400629  0.16894811 0.17984435 0.5043859 ],True
"Album: Cigarettes and Gin | Official Website: https://www.granvilpoynter.com/ Lyrics:
Well Playing the blues in this little rundown bar
Well some people hear me others just walk on by 
Well Playing th",1,271,3,[0.09255423 0.01608351 0.8511129  0.03980708],False
"This shows smoking a pack of Tobacco cigarettes a day for 30 days! That's 600 Tobacco cigarettes!  The average American smoker smokes a pack a day. This is what could be going in your lungs. 

● same ",3,834,3,[0.21334632 0.1560875  0.48078334 0.13774674],True
"Montale Oud Tobacco vs Tom Ford Tobacco Oud | Battle Of The Tobacco Fragrances
➡️ Buy Samples/Decants here: https://www.perfumesamplesanddecants.com
➡️ Buy Discounted Niche/Designer Perfumes @ Fragran",3,1074,3,[0.2250791  0.05871539 0.6719621  0.03911288],True
"If you are prone to seizures or epilepsy do not watch. This video contains flashing images.

THIS VIDEO WAS EDITED BY PRANAV!

SUPPORT PRANAV

SOUNDCLOUD
@pranavwav
SPOTIFY
open.spotify.com/artist/3lF",1,247,4,[0.13906072 0.2292724  0.20233217 0.4283372 ],False
"We’ve been told to avoid the sun and always wear sunblock, but is this bad advice? Discover the truth about sun exposure. 

DATA: 
https://www.amazon.com/gp/product/069...

0:00 Introduction: Avoiding",1,141,1,[0.3629613  0.3203122  0.23434542 0.08098761],True
"Aesop Rock & TOBACCO are Malibu Ken—album available now: https://rse.lnk.to/MalibuKen
Limited and exclusive Malibu Ken merch: http://bit.ly/MalibuKenFE
Subscribe for more like this from Rhymesayers: h",3,1144,1,[0.38232    0.16125335 0.3263775  0.1265692 ],False
"-5 available shelter sizes to meet your family's needs.
-Provides near absolute protection from EF5 tornado strikes.
-Provides a high level of protection for you and your family against intruders.
-Ac",4,1530,4,[0.0706709  0.03444225 0.18046448 0.71375084],True
"Smoking Addicted Bollywood Actresses :

1. Sonam Kapoor :- It is often reported that Sonam Kapoor gets spotted while smoking cigarette. The actress has confessed that she is addicted to alcohol but sh",1,239,3,[0.3137129  0.3137129  0.33394563 0.03519761],False
"""Malibu Ken"" is available now: https://rse.lnk.to/MalibuKen
Subscribe for more from Rhymesayers: http://bit.ly/RhymesayersYT

“Corn Maze” is the second single from Aesop Rock and TOBACCO's album, ""Mal",3,1142,1,[0.43007135 0.14405586 0.30496624 0.1194265 ],False
"Dangers of vape pens on your lungs! Vapor is inhaled as a nicotine alternative, which can be harmful for your health. Here’s everything you need to know about vaping, e-cigarettes, JUUL, etc.

✔ NEW M",2,618,1,[9.6125036e-01 1.5537165e-02 2.2606442e-02 2.9360643e-04],False
"Here is what's going into your body after Vaping for a month VS Smoking Tobacco Cigarettes for a month!  There's only one thing that should be going in your lungs, and that's air!

● same experiment S",2,704,1,[0.50994545 0.45711216 0.02366486 0.00310415],False
"Here is what's going into your body after Vaping for a month VS Smoking Tobacco Cigarettes for a month!  There's only one thing that should be going in your lungs, and that's air!

● same experiment S",1,135,1,[0.50994545 0.45711216 0.02366486 0.00310415],True
"Here is what's going into your body after Vaping for a month VS Smoking Tobacco Cigarettes for a month!  There's only one thing that should be going in your lungs, and that's air!

● same experiment S",3,1032,1,[0.50994545 0.45711216 0.02366486 0.00310415],False
"By Cameron  |  Ready to ""wear it out loud?” Merch store open, SHOP NOW: http://bit.ly/storybooth-merch | Subscribe: http://bit.ly/sub2storybooth | Record your story @ https://storybooth.com or our iPh",1,32,1,[0.9061305  0.02570494 0.05441736 0.01214216],True
"What happens to your body when you quit smoking? How are the major organs and systems affected when a person stops smoking cigarettes? Watch the video to find out! 
 Check Out Our Full Guide on this T",3,1054,1,[0.38583654 0.20652343 0.31986973 0.08609177],False
"HOW TO GET THE MOST FLAVOR OUT OF YOUR PIPE TOBACCO 
Think roasting marshmallows!

DONATE TO THE CHANNEL:
https://paypal.me/TimsSchoolofFish

FOLLOW ME ON INSTAGRAM:
  / timsschooloffish  

CONTACT ME",3,812,2,[0.13603105 0.44602865 0.23874195 0.1448043 ],False
